application\controllers\Inscripciones.php
application\models\participante_model.php
application\models\deporte_model.php
application\models\participante_model.php
application\views\formulario_inscripcion.php
application\views\admin\panel-inscripciones.php
application\views\admin\panel-equipos.php
application\views\admin\panel-fixture.php
application\views\admin\modals\control_total_modals.php

-- phpMyAdmin SQL Dump
-- version 5.2.2
-- https://www.phpmyadmin.net/
--
-- Servidor: localhost:3306
-- Tiempo de generación: 25-06-2026 a las 07:55:08
-- Versión del servidor: 10.11.18-MariaDB-cll-lve-log
-- Versión de PHP: 8.4.21

SET SQL_MODE = "NO_AUTO_VALUE_ON_ZERO";
START TRANSACTION;
SET time_zone = "+00:00";


/*!40101 SET @OLD_CHARACTER_SET_CLIENT=@@CHARACTER_SET_CLIENT */;
/*!40101 SET @OLD_CHARACTER_SET_RESULTS=@@CHARACTER_SET_RESULTS */;
/*!40101 SET @OLD_COLLATION_CONNECTION=@@COLLATION_CONNECTION */;
/*!40101 SET NAMES utf8mb4 */;

--
-- Base de datos: `olimpico_sistema_deportivo`
--

-- --------------------------------------------------------

--
-- Estructura de tabla para la tabla `categorias`
--

CREATE TABLE `categorias` (
  `id_categoria` int(11) NOT NULL,
  `id_deporte` int(11) NOT NULL,
  `nombre_categoria` varchar(100) NOT NULL,
  `genero` enum('MASCULINO','FEMENINO','MIXTO') NOT NULL DEFAULT 'MIXTO',
  `cupo_maximo` int(11) DEFAULT 0,
  `id_lugar` int(11) DEFAULT NULL,
  `dia_competencia` date DEFAULT NULL,
  `hora_competencia` time DEFAULT NULL
) ENGINE=InnoDB DEFAULT CHARSET=latin1 COLLATE=latin1_swedish_ci;

--
-- Volcado de datos para la tabla `categorias`
--

INSERT INTO `categorias` (`id_categoria`, `id_deporte`, `nombre_categoria`, `genero`, `cupo_maximo`, `id_lugar`, `dia_competencia`, `hora_competencia`) VALUES
(13, 2, 'categoria de prueba', 'MIXTO', 0, 1, NULL, NULL);

-- --------------------------------------------------------

--
-- Estructura de tabla para la tabla `deportes`
--

CREATE TABLE `deportes` (
  `id_deporte` int(11) NOT NULL,
  `nombre_deporte` varchar(100) NOT NULL,
  `genero` enum('MASCULINO','FEMENINO','MIXTO') NOT NULL DEFAULT 'MIXTO',
  `modalidad` enum('INDIVIDUAL','EQUIPO','AMBAS') NOT NULL DEFAULT 'INDIVIDUAL'
) ENGINE=InnoDB DEFAULT CHARSET=latin1 COLLATE=latin1_swedish_ci;

--
-- Volcado de datos para la tabla `deportes`
--

INSERT INTO `deportes` (`id_deporte`, `nombre_deporte`, `genero`, `modalidad`) VALUES
(1, 'CARRERA DE OBSTÁCULOS', 'MIXTO', 'INDIVIDUAL'),
(2, 'FUTBOL 5', 'MIXTO', 'EQUIPO'),
(3, 'FUTBOL 8', 'MASCULINO', 'EQUIPO'),
(4, 'VOLEY', 'MIXTO', 'EQUIPO'),
(5, 'BEACH VOLEY', 'MIXTO', 'EQUIPO'),
(6, 'BASQUET 3X3', 'MIXTO', 'EQUIPO'),
(7, 'BASQUET 5X5', 'MIXTO', 'EQUIPO'),
(8, 'NATACION', 'MIXTO', 'INDIVIDUAL'),
(9, 'MTB', 'MIXTO', 'INDIVIDUAL'),
(10, 'RUNNING', 'MIXTO', 'INDIVIDUAL'),
(11, 'TRUCO', 'MIXTO', 'AMBAS'),
(12, 'TENIS DE MESA', 'MIXTO', 'INDIVIDUAL'),
(13, 'PADEL', 'MIXTO', 'AMBAS'),
(14, 'PESCA', 'MIXTO', 'INDIVIDUAL'),
(15, 'NEWCOM', 'MIXTO', 'EQUIPO'),
(16, 'CICLISMO CALLE', 'MIXTO', 'INDIVIDUAL'),
(17, 'TENIS', 'MIXTO', 'AMBAS'),
(18, 'BOCHAS', 'MIXTO', 'AMBAS'),
(19, 'TEJO', 'MIXTO', 'INDIVIDUAL'),
(20, 'POOL', 'MIXTO', 'INDIVIDUAL');

-- --------------------------------------------------------

--
-- Estructura de tabla para la tabla `encuestas_deportes`
--

CREATE TABLE `encuestas_deportes` (
  `id_respuesta` int(11) NOT NULL,
  `id_deporte` int(11) NOT NULL
) ENGINE=InnoDB DEFAULT CHARSET=utf8mb4 COLLATE=utf8mb4_general_ci;

--
-- Volcado de datos para la tabla `encuestas_deportes`
--

INSERT INTO `encuestas_deportes` (`id_respuesta`, `id_deporte`) VALUES
(1, 1),
(1, 10),
(1, 11),
(1, 13),
(2, 16),
(3, 10),
(3, 16),
(4, 3),
(4, 11),
(4, 13),
(5, 1),
(5, 3),
(5, 8),
(5, 10),
(6, 11),
(6, 18),
(6, 19),
(7, 9),
(7, 13),
(8, 2),
(8, 3),
(9, 3),
(10, 3),
(10, 11),
(10, 17),
(10, 20),
(11, 6),
(11, 7),
(12, 2),
(12, 3),
(12, 10),
(12, 13),
(13, 14),
(13, 19),
(14, 3),
(14, 4),
(15, 13),
(15, 17),
(16, 3),
(17, 6),
(17, 7),
(18, 18),
(19, 1),
(19, 2),
(19, 4),
(19, 5),
(19, 9),
(19, 10),
(19, 12),
(19, 16),
(20, 15),
(20, 16),
(20, 18),
(21, 1),
(21, 3),
(21, 4),
(21, 10),
(22, 15),
(22, 18),
(22, 19),
(23, 17),
(24, 3),
(25, 4),
(26, 11),
(26, 18),
(27, 4),
(27, 6),
(28, 18),
(29, 3),
(29, 4),
(29, 7),
(29, 11),
(30, 3),
(30, 4),
(30, 11),
(30, 16),
(31, 4),
(32, 6),
(32, 14),
(32, 20),
(33, 11),
(33, 14),
(33, 19),
(33, 20),
(34, 1),
(34, 6),
(34, 9),
(34, 10),
(34, 16),
(34, 19),
(35, 19),
(36, 9),
(36, 10),
(36, 11),
(36, 14),
(36, 16),
(38, 3),
(38, 6),
(38, 7),
(38, 15),
(39, 4),
(39, 6),
(39, 7),
(39, 11),
(39, 12),
(39, 14),
(40, 14),
(40, 18),
(41, 7),
(41, 12),
(41, 13),
(42, 1),
(42, 14),
(42, 19),
(43, 1),
(43, 4),
(43, 8),
(43, 10),
(44, 3),
(44, 6),
(44, 7),
(45, 4),
(45, 10),
(46, 19),
(47, 2),
(47, 3),
(47, 8),
(47, 19),
(48, 12),
(48, 18),
(48, 19),
(49, 2),
(49, 12),
(49, 13),
(50, 15),
(50, 19),
(51, 3),
(51, 4),
(51, 8),
(51, 11),
(54, 8),
(54, 11),
(54, 17),
(55, 4),
(55, 13),
(55, 17),
(56, 3),
(56, 4),
(56, 5),
(56, 8),
(56, 9),
(56, 11),
(56, 12),
(57, 6),
(57, 13),
(58, 14),
(59, 9),
(59, 10),
(59, 20),
(60, 4),
(61, 8),
(61, 19),
(61, 20),
(62, 11),
(62, 14),
(62, 19),
(63, 19),
(63, 20),
(64, 7),
(64, 14),
(65, 2),
(65, 3),
(65, 19),
(66, 19),
(67, 8),
(67, 17),
(68, 10),
(68, 13),
(69, 3),
(70, 3),
(70, 4),
(70, 14),
(71, 8),
(71, 15),
(71, 19),
(72, 4),
(72, 9),
(73, 5),
(73, 6),
(73, 10),
(74, 10),
(74, 11),
(74, 14),
(75, 3),
(75, 4),
(75, 10),
(76, 3),
(76, 4),
(76, 5),
(76, 12),
(77, 4),
(77, 17),
(78, 3),
(78, 4),
(78, 11),
(79, 3),
(79, 10),
(79, 19),
(80, 4),
(81, 16),
(82, 4),
(82, 5),
(83, 19),
(84, 3),
(84, 6),
(84, 7),
(84, 19),
(85, 14),
(86, 11),
(86, 14),
(86, 18),
(87, 18),
(88, 3),
(88, 8),
(88, 9),
(88, 15),
(89, 4),
(89, 12),
(89, 13),
(89, 17),
(90, 5),
(90, 8),
(90, 10),
(91, 11),
(91, 14),
(91, 19),
(93, 2),
(93, 3),
(93, 4),
(93, 5),
(93, 12),
(94, 4),
(94, 8),
(94, 10),
(95, 14),
(95, 19),
(96, 4),
(96, 5),
(97, 3),
(97, 4),
(97, 12),
(98, 10),
(99, 3),
(100, 2),
(100, 3),
(100, 16),
(100, 19),
(101, 11),
(101, 12),
(101, 19),
(102, 11),
(102, 14),
(103, 17),
(104, 3),
(104, 8),
(104, 10),
(104, 12),
(104, 16),
(107, 10),
(108, 11),
(108, 13),
(109, 3),
(111, 4),
(111, 11),
(111, 13),
(111, 14),
(114, 8),
(114, 14),
(114, 15),
(116, 3),
(116, 11),
(116, 13),
(117, 6),
(117, 20),
(118, 1),
(118, 3),
(118, 8),
(118, 10),
(118, 11),
(119, 4),
(119, 6),
(119, 7),
(120, 19),
(122, 18),
(122, 19),
(123, 14),
(123, 19),
(124, 14),
(125, 3),
(125, 13),
(125, 19),
(126, 14),
(126, 20),
(127, 2),
(127, 3),
(127, 4),
(127, 15),
(127, 20),
(128, 5),
(128, 19),
(128, 20),
(129, 8),
(129, 20),
(130, 8),
(130, 10),
(130, 15),
(130, 20),
(131, 14),
(132, 14),
(133, 18),
(134, 18),
(135, 3),
(135, 11),
(135, 20),
(136, 11),
(136, 18),
(137, 18),
(138, 2),
(138, 19),
(139, 6),
(139, 20),
(140, 19),
(141, 8),
(141, 11),
(141, 12),
(142, 8),
(142, 11),
(142, 12),
(143, 18),
(144, 18),
(145, 19),
(146, 19),
(147, 13),
(147, 19),
(148, 13),
(149, 14),
(149, 19),
(150, 14),
(151, 19),
(152, 14),
(153, 14),
(153, 19),
(153, 20),
(154, 19),
(155, 3),
(155, 4),
(155, 8),
(155, 11),
(155, 12),
(155, 17),
(156, 1),
(156, 9),
(156, 10),
(156, 16),
(157, 1),
(157, 2),
(157, 19),
(158, 1),
(158, 3),
(158, 19),
(159, 19),
(160, 1),
(160, 13),
(160, 17),
(160, 19),
(160, 20),
(162, 8),
(162, 15),
(163, 4),
(164, 3),
(164, 8),
(164, 9),
(165, 4),
(165, 5),
(165, 12),
(165, 20),
(166, 9),
(166, 14),
(166, 16),
(167, 2),
(167, 3),
(168, 1),
(168, 5),
(168, 6),
(168, 10),
(168, 14),
(169, 14),
(170, 3),
(170, 10),
(171, 3),
(171, 8),
(171, 9),
(171, 11),
(171, 15),
(171, 16),
(171, 19),
(172, 4),
(172, 16),
(173, 4),
(173, 6),
(173, 7),
(173, 8),
(174, 2),
(174, 3),
(174, 9),
(175, 3),
(175, 4),
(175, 9),
(176, 2),
(176, 3),
(176, 4),
(176, 11),
(177, 3),
(177, 11),
(178, 8),
(178, 19),
(179, 8),
(180, 6),
(180, 10),
(180, 15),
(181, 14),
(181, 15),
(181, 19),
(182, 14),
(183, 2),
(183, 3),
(183, 7),
(183, 8),
(183, 9),
(183, 11),
(183, 13),
(183, 20),
(184, 3),
(185, 3),
(185, 4),
(185, 14),
(186, 11),
(187, 2),
(187, 3),
(187, 11),
(188, 7),
(188, 11),
(189, 19),
(190, 11),
(190, 12),
(190, 13),
(190, 17),
(191, 9),
(192, 13),
(192, 15),
(193, 14),
(193, 19),
(194, 9),
(194, 14),
(194, 19),
(195, 4),
(195, 6),
(195, 12),
(195, 13),
(195, 17),
(196, 14),
(196, 19),
(197, 3),
(198, 3),
(199, 3),
(200, 3),
(201, 3),
(202, 7),
(203, 19),
(204, 1),
(205, 19),
(206, 3),
(207, 3),
(208, 2),
(208, 4),
(208, 10),
(209, 19),
(210, 18),
(211, 8),
(211, 19),
(212, 4),
(213, 14),
(213, 19),
(214, 1),
(214, 9),
(214, 10),
(214, 13),
(215, 3),
(215, 10),
(216, 19),
(217, 4),
(217, 13),
(218, 1),
(218, 4),
(218, 5),
(219, 9),
(219, 10),
(219, 14),
(219, 19),
(220, 13),
(220, 19),
(221, 12),
(221, 13),
(222, 4),
(223, 11),
(223, 14),
(223, 15),
(223, 19),
(223, 20),
(224, 3),
(224, 4),
(224, 11),
(225, 2),
(225, 3),
(225, 10),
(226, 10),
(227, 11),
(227, 15),
(227, 19),
(228, 1),
(229, 3),
(229, 9),
(229, 13),
(229, 16),
(229, 20),
(230, 3),
(230, 11),
(230, 14),
(230, 19),
(231, 3),
(231, 4),
(231, 5),
(231, 17),
(232, 14),
(232, 19),
(233, 9),
(233, 19),
(234, 15),
(235, 13),
(236, 2),
(236, 3),
(236, 6),
(236, 7),
(237, 13),
(238, 15),
(239, 10),
(239, 15),
(239, 18),
(240, 18),
(241, 12),
(241, 13),
(241, 17),
(243, 14),
(243, 15),
(244, 14),
(244, 15),
(245, 17),
(246, 8),
(247, 19),
(248, 4),
(248, 9),
(248, 10),
(249, 13),
(250, 10),
(253, 5),
(253, 8),
(253, 10),
(254, 14),
(255, 19),
(256, 19),
(257, 10),
(258, 3),
(258, 12),
(258, 19),
(260, 15),
(260, 18),
(261, 15),
(263, 19),
(264, 2),
(264, 11),
(265, 13),
(265, 19),
(266, 1),
(266, 9),
(266, 19),
(267, 9),
(267, 11),
(267, 19),
(268, 13),
(268, 20),
(269, 8),
(269, 10),
(270, 11),
(270, 19),
(271, 19),
(271, 20),
(272, 3),
(272, 11),
(272, 19),
(273, 18),
(274, 15),
(275, 9),
(276, 10),
(277, 12),
(278, 7),
(278, 20),
(279, 4),
(279, 11),
(279, 20),
(280, 18),
(281, 4),
(281, 5),
(282, 12),
(282, 18),
(283, 10),
(283, 14),
(284, 14),
(285, 14),
(286, 1),
(286, 3),
(286, 4),
(286, 5),
(286, 8),
(286, 9),
(286, 10),
(286, 17),
(286, 20),
(287, 19),
(288, 18),
(288, 20),
(289, 15),
(289, 19),
(290, 4),
(290, 5),
(291, 3),
(291, 4),
(291, 5),
(292, 18),
(293, 4),
(293, 5),
(294, 1),
(294, 4),
(294, 11),
(294, 12),
(294, 19),
(294, 20),
(295, 4),
(295, 15),
(295, 19),
(296, 14),
(296, 20),
(297, 3),
(297, 4),
(297, 5),
(297, 11),
(297, 12),
(298, 4),
(298, 11),
(298, 14),
(298, 19),
(298, 20),
(299, 3),
(299, 11),
(300, 3),
(300, 13),
(301, 1),
(301, 14),
(301, 20),
(302, 1),
(302, 2),
(302, 19),
(303, 11),
(303, 19),
(304, 2),
(304, 13),
(305, 13),
(305, 14),
(306, 1),
(306, 2),
(306, 10),
(306, 19),
(307, 11),
(307, 15),
(307, 18),
(308, 11),
(308, 14),
(308, 18),
(309, 8),
(309, 11),
(309, 14),
(309, 18),
(309, 19),
(310, 2),
(310, 3),
(310, 11),
(310, 15),
(310, 19);

-- --------------------------------------------------------

--
-- Estructura de tabla para la tabla `encuestas_respuestas`
--

CREATE TABLE `encuestas_respuestas` (
  `id_respuesta` int(11) NOT NULL,
  `dni` varchar(20) NOT NULL,
  `delegacion` varchar(100) NOT NULL,
  `sexo` varchar(50) NOT NULL,
  `fecha_nacimiento` date NOT NULL,
  `creado_el` timestamp NULL DEFAULT current_timestamp()
) ENGINE=InnoDB DEFAULT CHARSET=utf8mb4 COLLATE=utf8mb4_general_ci;

--
-- Volcado de datos para la tabla `encuestas_respuestas`
--

INSERT INTO `encuestas_respuestas` (`id_respuesta`, `dni`, `delegacion`, `sexo`, `fecha_nacimiento`, `creado_el`) VALUES
(1, '35725393', 'LA PAMPA', 'MASCULINO', '1992-08-06', '2026-06-04 16:01:33'),
(2, '20885199', 'LA PAMPA', 'FEMENINO', '1969-12-05', '2026-06-08 13:22:25'),
(3, '34330461', 'LA PAMPA', 'FEMENINO', '1989-06-23', '2026-06-08 13:25:27'),
(4, '35096991', 'LA PAMPA', 'MASCULINO', '1990-08-20', '2026-06-08 13:27:49'),
(5, '37621033', 'LA PAMPA', 'MASCULINO', '1993-09-06', '2026-06-08 13:33:16'),
(6, '14364659', 'LA PAMPA', 'MASCULINO', '1961-04-16', '2026-06-08 13:34:48'),
(7, '23220727', 'LA PAMPA', 'MASCULINO', '1973-08-19', '2026-06-08 14:26:37'),
(8, '44633459', 'LA PAMPA', 'MASCULINO', '2003-09-04', '2026-06-08 14:59:04'),
(9, '38038505', 'LA PAMPA', 'MASCULINO', '1994-03-04', '2026-06-08 15:42:47'),
(10, '30121334', 'LA PAMPA', 'MASCULINO', '1983-03-04', '2026-06-08 17:53:44'),
(11, '34707338', 'LA PAMPA', 'MASCULINO', '1989-11-09', '2026-06-08 18:41:01'),
(12, '32614693', 'LA PAMPA', 'MASCULINO', '1987-02-25', '2026-06-08 21:48:38'),
(13, '16354685', 'LA PAMPA', 'MASCULINO', '1962-08-08', '2026-06-09 11:33:43'),
(14, '33242631', 'LA PAMPA', 'MASCULINO', '1988-01-09', '2026-06-09 13:01:54'),
(15, '29229835', 'LA PAMPA', 'FEMENINO', '1981-11-22', '2026-06-09 15:00:02'),
(16, '33651315', 'LA PAMPA', 'MASCULINO', '1988-05-07', '2026-06-09 15:00:44'),
(17, '23498977', 'SANTIAGO DEL ESTERO', 'MASCULINO', '1973-12-15', '2026-06-09 16:01:00'),
(18, '14732778', 'SANTIAGO DEL ESTERO', 'MASCULINO', '1962-06-01', '2026-06-09 17:31:59'),
(19, '22084612', 'MENDOZA', 'FEMENINO', '1971-01-10', '2026-06-09 17:48:55'),
(20, '18370250', 'MENDOZA', 'FEMENINO', '1967-08-02', '2026-06-09 17:58:05'),
(21, '29488660', 'MENDOZA', 'MASCULINO', '1982-07-08', '2026-06-09 18:14:17'),
(22, '21933848', 'MENDOZA', 'FEMENINO', '1970-12-25', '2026-06-09 18:22:17'),
(23, '10222565', 'SAN JUAN', 'MASCULINO', '1952-01-17', '2026-06-09 20:11:25'),
(24, '33092447', 'SANTIAGO DEL ESTERO', 'MASCULINO', '1988-02-28', '2026-06-09 21:49:28'),
(25, '28194156', 'LA PAMPA', 'FEMENINO', '1980-07-26', '2026-06-09 22:19:23'),
(26, '1376818', 'MENDOZA', 'FEMENINO', '1959-08-09', '2026-06-09 23:26:49'),
(27, '27883113', 'JUJUY', 'FEMENINO', '1980-01-06', '2026-06-10 00:44:28'),
(28, '18431676', 'JUJUY', 'FEMENINO', '1967-06-23', '2026-06-10 00:57:33'),
(29, '26675360', 'JUJUY', 'MASCULINO', '1978-08-05', '2026-06-10 02:08:19'),
(30, '26501467', 'JUJUY', 'MASCULINO', '1978-04-22', '2026-06-10 02:22:42'),
(31, '27775874', 'JUJUY', 'FEMENINO', '1980-05-21', '2026-06-10 02:44:00'),
(32, '24349844', 'JUJUY', 'MASCULINO', '1975-07-04', '2026-06-10 03:39:19'),
(33, '32492858', 'JUJUY', 'MASCULINO', '1986-08-30', '2026-06-10 03:58:06'),
(34, '31100406', 'JUJUY', 'MASCULINO', '1984-08-23', '2026-06-10 04:03:35'),
(35, '26793320', 'JUJUY', 'FEMENINO', '1978-10-08', '2026-06-10 10:20:47'),
(36, '16853140', 'CORRIENTES', 'MASCULINO', '1964-01-16', '2026-06-10 11:10:12'),
(38, '16065836', 'CORRIENTES', 'MASCULINO', '1963-01-02', '2026-06-10 11:39:17'),
(39, '22583105', 'JUJUY', 'MASCULINO', '1972-01-28', '2026-06-10 12:58:03'),
(40, '18492921', 'MENDOZA', 'FEMENINO', '1966-10-29', '2026-06-10 13:16:39'),
(41, '32516487', 'CORRIENTES', 'MASCULINO', '1986-08-21', '2026-06-10 14:08:55'),
(42, '18260081', 'SANTIAGO DEL ESTERO', 'MASCULINO', '1967-09-24', '2026-06-10 15:06:37'),
(43, '12291079', 'BUENOS AIRES', 'MASCULINO', '1958-04-21', '2026-06-10 15:07:20'),
(44, '23298383', 'SANTIAGO DEL ESTERO', 'MASCULINO', '1973-06-20', '2026-06-10 15:20:04'),
(45, '25856904', 'BUENOS AIRES', 'MASCULINO', '1977-07-19', '2026-06-10 15:27:45'),
(46, '25081215', 'SANTIAGO DEL ESTERO', 'FEMENINO', '1976-01-13', '2026-06-10 15:32:16'),
(47, '17677038', 'SANTIAGO DEL ESTERO', 'MASCULINO', '1965-06-23', '2026-06-10 15:40:02'),
(48, '25165278', 'JUJUY', 'FEMENINO', '1976-02-20', '2026-06-10 15:40:35'),
(49, '24063227', 'SANTIAGO DEL ESTERO', 'MASCULINO', '1974-09-03', '2026-06-10 15:46:56'),
(50, '17894238', 'SANTIAGO DEL ESTERO', 'FEMENINO', '1966-06-26', '2026-06-10 15:49:35'),
(51, '16178284', 'SANTA FE', 'MASCULINO', '1962-10-22', '2026-06-10 15:55:58'),
(54, '37334775', 'SANTA FE', 'FEMENINO', '1993-05-05', '2026-06-10 15:59:41'),
(55, '23622583', 'SANTA FE', 'MASCULINO', '1974-04-01', '2026-06-10 16:00:05'),
(56, '12471677', 'SANTA FE', 'MASCULINO', '1958-07-17', '2026-06-10 16:00:51'),
(57, '33313402', 'SANTA FE', 'FEMENINO', '1987-12-11', '2026-06-10 16:06:58'),
(58, '29221440', 'SANTA FE', 'MASCULINO', '2000-07-30', '2026-06-10 16:08:09'),
(59, '28415217', 'SANTA FE', 'MASCULINO', '1980-11-13', '2026-06-10 16:24:22'),
(60, '27629064', 'JUJUY', 'FEMENINO', '1979-08-31', '2026-06-10 16:26:00'),
(61, '32366311', 'JUJUY', 'FEMENINO', '1986-06-13', '2026-06-10 16:30:59'),
(62, '14272289', 'SANTIAGO DEL ESTERO', 'MASCULINO', '1960-11-03', '2026-06-10 16:33:48'),
(63, '31845902', 'JUJUY', 'FEMENINO', '1985-10-08', '2026-06-10 16:34:35'),
(64, '35917407', 'SANTIAGO DEL ESTERO', 'MASCULINO', '1991-06-21', '2026-06-10 16:35:05'),
(65, '24063438', 'SANTIAGO DEL ESTERO', 'MASCULINO', '1975-10-01', '2026-06-10 16:39:29'),
(66, '17767926', 'SANTA FE', 'FEMENINO', '1965-11-08', '2026-06-10 16:46:21'),
(67, '32295164', 'SANTA FE', 'FEMENINO', '1986-09-11', '2026-06-10 16:47:49'),
(68, '27038458', 'LA PAMPA', 'FEMENINO', '1979-05-04', '2026-06-10 16:48:29'),
(69, '14616951', 'LA RIOJA', 'MASCULINO', '1962-04-20', '2026-06-10 16:48:52'),
(70, '29404699', 'JUJUY', 'MASCULINO', '1982-05-03', '2026-06-10 16:50:32'),
(71, '18014909', 'SANTA FE', 'FEMENINO', '1966-12-09', '2026-06-10 16:50:42'),
(72, '20177823', 'SANTA FE', 'FEMENINO', '1968-02-26', '2026-06-10 16:54:12'),
(73, '36001003', 'SANTA FE', 'FEMENINO', '1991-09-16', '2026-06-10 17:19:04'),
(74, '29942761', 'JUJUY', 'MASCULINO', '1983-02-02', '2026-06-10 17:19:42'),
(75, '16727573', 'BUENOS AIRES', 'MASCULINO', '1963-07-24', '2026-06-10 17:39:49'),
(76, '25952581', 'BUENOS AIRES', 'MASCULINO', '1977-05-21', '2026-06-10 17:43:16'),
(77, '25720509', 'BUENOS AIRES', 'MASCULINO', '1977-02-19', '2026-06-10 17:45:03'),
(78, '25527450', 'CHACO', 'MASCULINO', '1977-01-03', '2026-06-10 17:53:54'),
(79, '18433498', 'SANTIAGO DEL ESTERO', 'MASCULINO', '1967-07-23', '2026-06-10 18:02:58'),
(80, '31565076', 'SANTA FE', 'FEMENINO', '1985-04-17', '2026-06-10 18:06:38'),
(81, '21808492', 'RÍO NEGRO', 'FEMENINO', '1970-10-28', '2026-06-10 18:11:34'),
(82, '33876730', 'SANTA FE', 'FEMENINO', '1988-11-22', '2026-06-10 18:11:48'),
(83, '25501041', 'SANTIAGO DEL ESTERO', 'MASCULINO', '1976-08-05', '2026-06-10 18:25:54'),
(84, '17340566', 'SANTIAGO DEL ESTERO', 'MASCULINO', '1965-01-15', '2026-06-10 18:51:35'),
(85, '22132867', 'RÍO NEGRO', 'FEMENINO', '1971-04-14', '2026-06-10 18:56:34'),
(86, '22556718', 'SANTIAGO DEL ESTERO', 'MASCULINO', '1972-11-14', '2026-06-10 19:13:40'),
(87, '17680659', 'JUJUY', 'FEMENINO', '1966-04-11', '2026-06-10 19:50:21'),
(88, '18242268', 'SANTA FE', 'MASCULINO', '2008-06-10', '2026-06-10 19:58:59'),
(89, '22820211', 'JUJUY', 'FEMENINO', '1972-06-20', '2026-06-10 19:59:42'),
(90, '37685564', 'SANTA FE', 'FEMENINO', '1993-10-16', '2026-06-10 20:37:52'),
(91, '22348683', 'SANTIAGO DEL ESTERO', 'FEMENINO', '1971-12-27', '2026-06-10 21:08:51'),
(93, '37701742', 'SANTA FE', 'MASCULINO', '1995-06-08', '2026-06-10 23:09:51'),
(94, '24421473', 'BUENOS AIRES', 'MASCULINO', '1975-03-24', '2026-06-10 23:49:21'),
(95, '20358909', 'JUJUY', 'FEMENINO', '1969-03-10', '2026-06-10 23:56:13'),
(96, '34105740', 'TUCUMÁN', 'MASCULINO', '1988-06-20', '2026-06-11 00:38:32'),
(97, '21366439', 'ENTRE RÍOS', 'MASCULINO', '1970-04-15', '2026-06-11 00:39:43'),
(98, '23239445', 'TUCUMÁN', 'FEMENINO', '1973-07-11', '2026-06-11 00:41:52'),
(99, '36020330', 'CHACO', 'MASCULINO', '1991-05-02', '2026-06-11 00:44:11'),
(100, '25709980', 'SANTIAGO DEL ESTERO', 'MASCULINO', '1977-03-27', '2026-06-11 02:04:29'),
(101, '14787198', 'JUJUY', 'MASCULINO', '1961-11-10', '2026-06-11 10:32:11'),
(102, '17344444', 'SANTA FE', 'MASCULINO', '1965-01-14', '2026-06-11 10:41:03'),
(103, '31880738', 'SANTA FE', 'MASCULINO', '1985-10-31', '2026-06-11 11:03:33'),
(104, '22715089', 'SANTA FE', 'MASCULINO', '1972-05-05', '2026-06-11 11:15:11'),
(107, '35087017', 'CATAMARCA', 'FEMENINO', '1990-01-07', '2026-06-11 11:31:27'),
(108, '34029483', 'CATAMARCA', 'MASCULINO', '1988-07-15', '2026-06-11 11:31:53'),
(109, '32568453', 'NEUQUÉN', 'MASCULINO', '1986-10-19', '2026-06-11 11:35:50'),
(111, '22751027', 'CATAMARCA', 'MASCULINO', '1972-04-08', '2026-06-11 11:41:02'),
(114, '24995723', 'SANTA FE', 'FEMENINO', '1976-04-07', '2026-06-11 11:46:50'),
(116, '30589164', 'CATAMARCA', 'MASCULINO', '1984-08-13', '2026-06-11 11:51:41'),
(117, '32327107', 'SANTA FE', 'FEMENINO', '1986-07-15', '2026-06-11 11:55:09'),
(118, '36434953', 'NEUQUÉN', 'MASCULINO', '1992-02-07', '2026-06-11 12:09:42'),
(119, '17677238', 'SANTIAGO DEL ESTERO', 'MASCULINO', '1966-05-23', '2026-06-11 12:18:36'),
(120, '28738411', 'SANTIAGO DEL ESTERO', 'FEMENINO', '1981-03-12', '2026-06-11 12:26:28'),
(122, '16140603', 'SALTA', 'FEMENINO', '1962-05-21', '2026-06-11 14:20:05'),
(123, '16297388', 'SALTA', 'FEMENINO', '1964-02-02', '2026-06-11 14:22:52'),
(124, '25122557', 'SALTA', 'FEMENINO', '1976-04-08', '2026-06-11 14:24:44'),
(125, '25802039', 'SALTA', 'MASCULINO', '1977-05-05', '2026-06-11 14:26:58'),
(126, '12220842', 'SALTA', 'MASCULINO', '1954-08-14', '2026-06-11 14:31:01'),
(127, '21329507', 'CATAMARCA', 'MASCULINO', '1970-03-17', '2026-06-11 14:32:25'),
(128, '31173978', 'SALTA', 'MASCULINO', '1985-07-04', '2026-06-11 14:33:02'),
(129, '33830142', 'SALTA', 'FEMENINO', '1987-05-20', '2026-06-11 14:35:02'),
(130, '24887766', 'SALTA', 'FEMENINO', '1975-10-24', '2026-06-11 14:38:02'),
(131, '21626389', 'CHACO', 'MASCULINO', '1970-08-01', '2026-06-11 14:46:15'),
(132, '31294452', 'CHACO', 'FEMENINO', '1985-03-28', '2026-06-11 14:48:25'),
(133, '11200482', 'CHACO', 'MASCULINO', '1954-01-30', '2026-06-11 14:51:50'),
(134, '10408689', 'CHACO', 'FEMENINO', '1952-06-09', '2026-06-11 14:53:12'),
(135, '22882184', 'CHACO', 'MASCULINO', '1972-07-16', '2026-06-11 14:54:14'),
(136, '26968297', 'CHACO', 'MASCULINO', '1979-01-17', '2026-06-11 14:56:18'),
(137, '6251095', 'CHACO', 'FEMENINO', '1950-09-08', '2026-06-11 15:01:54'),
(138, '30847778', 'CÓRDOBA', 'FEMENINO', '1984-11-02', '2026-06-11 15:05:28'),
(139, '33873223', 'SANTA FE', 'FEMENINO', '1988-08-01', '2026-06-11 15:08:30'),
(140, '24168658', 'SAN JUAN', 'FEMENINO', '1978-02-02', '2026-06-11 15:17:33'),
(141, '6216867', 'BUENOS AIRES', 'FEMENINO', '1949-10-30', '2026-06-11 15:21:49'),
(142, '06216867', 'BUENOS AIRES', 'FEMENINO', '1949-10-30', '2026-06-11 15:22:27'),
(143, '23082908', 'CÓRDOBA', 'MASCULINO', '1973-09-22', '2026-06-11 15:29:40'),
(144, '14578530', 'CÓRDOBA', 'MASCULINO', '1961-06-18', '2026-06-11 15:32:47'),
(145, '18206735', 'SAN JUAN', 'FEMENINO', '1967-08-04', '2026-06-11 15:33:57'),
(146, '28192560', 'SAN JUAN', 'FEMENINO', '1980-07-06', '2026-06-11 15:40:54'),
(147, '21966806', 'CÓRDOBA', 'FEMENINO', '1967-12-12', '2026-06-11 15:40:56'),
(148, '27527505', 'SAN JUAN', 'MASCULINO', '1979-07-30', '2026-06-11 15:42:55'),
(149, '32939340', 'SAN JUAN', 'FEMENINO', '1987-06-30', '2026-06-11 15:44:17'),
(150, '12049295', 'SAN JUAN', 'MASCULINO', '1958-01-31', '2026-06-11 15:52:03'),
(151, '16297701', 'SAN JUAN', 'FEMENINO', '1962-12-07', '2026-06-11 15:53:40'),
(152, '20302609', 'SAN JUAN', 'MASCULINO', '1968-05-30', '2026-06-11 15:55:48'),
(153, '25939999', 'SAN JUAN', 'FEMENINO', '1977-07-03', '2026-06-11 16:26:22'),
(154, '17718504', 'SAN JUAN', 'FEMENINO', '1966-01-04', '2026-06-11 16:45:52'),
(155, '28036881', 'SANTA FE', 'MASCULINO', '1980-05-22', '2026-06-11 16:56:34'),
(156, '24538086', 'NEUQUÉN', 'FEMENINO', '1977-10-19', '2026-06-11 17:23:13'),
(157, '43130709', 'NEUQUÉN', 'FEMENINO', '2000-12-18', '2026-06-11 17:25:20'),
(158, '30226518', 'NEUQUÉN', 'MASCULINO', '1983-04-15', '2026-06-11 17:35:12'),
(159, '33280002', 'NEUQUÉN', 'FEMENINO', '1987-02-13', '2026-06-11 17:36:33'),
(160, '26458344', 'NEUQUÉN', 'FEMENINO', '1978-04-10', '2026-06-11 17:42:00'),
(162, '7650673', 'BUENOS AIRES', 'MASCULINO', '1949-09-30', '2026-06-11 18:51:04'),
(163, '38037502', 'LA PAMPA', 'FEMENINO', '1994-01-15', '2026-06-11 19:10:24'),
(164, '29161337', 'TIERRA DEL FUEGO', 'MASCULINO', '1982-02-22', '2026-06-11 19:44:01'),
(165, '34508676', 'SANTA FE', 'MASCULINO', '1989-06-12', '2026-06-11 20:21:53'),
(166, '28359992', 'RÍO NEGRO', 'FEMENINO', '1981-02-07', '2026-06-11 21:39:39'),
(167, '20807504', 'RÍO NEGRO', 'MASCULINO', '1969-03-06', '2026-06-11 22:37:53'),
(168, '23053844', 'JUJUY', 'MASCULINO', '1972-11-18', '2026-06-12 12:53:24'),
(169, '32681900', 'CATAMARCA', 'FEMENINO', '1987-04-17', '2026-06-12 14:02:29'),
(170, '12631703', 'SANTIAGO DEL ESTERO', 'MASCULINO', '1956-11-14', '2026-06-12 14:09:00'),
(171, '17989769', 'RÍO NEGRO', 'MASCULINO', '1967-03-13', '2026-06-12 15:28:51'),
(172, '20663644', 'RÍO NEGRO', 'FEMENINO', '1969-05-23', '2026-06-12 17:44:22'),
(173, '14690924', 'RÍO NEGRO', 'MASCULINO', '1962-01-16', '2026-06-13 00:23:52'),
(174, '32717684', 'TIERRA DEL FUEGO', 'MASCULINO', '1987-05-16', '2026-06-13 23:01:30'),
(175, '16817922', 'SANTA FE', 'MASCULINO', '1965-05-05', '2026-06-16 11:59:35'),
(176, '25030731', 'CORRIENTES', 'MASCULINO', '1976-02-28', '2026-06-16 13:06:41'),
(177, '29402614', 'TIERRA DEL FUEGO', 'MASCULINO', '1982-03-14', '2026-06-16 13:13:47'),
(178, '29358041', 'SAN JUAN', 'FEMENINO', '1982-07-23', '2026-06-16 13:21:03'),
(179, '32447320', 'SAN JUAN', 'FEMENINO', '1986-12-06', '2026-06-16 13:22:46'),
(180, '28192266', 'SAN JUAN', 'FEMENINO', '1980-05-14', '2026-06-16 13:24:10'),
(181, '13823716', 'RÍO NEGRO', 'FEMENINO', '1960-03-09', '2026-06-16 13:24:39'),
(182, '28357417', 'SAN JUAN', 'MASCULINO', '1980-12-13', '2026-06-16 13:26:48'),
(183, '26464934', 'TIERRA DEL FUEGO', 'MASCULINO', '1978-06-15', '2026-06-16 13:28:51'),
(184, '13511795', 'SANTIAGO DEL ESTERO', 'MASCULINO', '1959-12-05', '2026-06-16 13:30:52'),
(185, '23270345', 'RÍO NEGRO', 'MASCULINO', '1973-09-18', '2026-06-16 13:34:15'),
(186, '14459855', 'CORRIENTES', 'MASCULINO', '1961-08-15', '2026-06-16 13:35:59'),
(187, '29565032', 'TIERRA DEL FUEGO', 'MASCULINO', '1982-07-19', '2026-06-16 13:40:21'),
(188, '38315737', 'CORRIENTES', 'MASCULINO', '1994-12-08', '2026-06-16 13:40:58'),
(189, '16020026', 'SAN JUAN', 'FEMENINO', '1962-01-08', '2026-06-16 13:41:38'),
(190, '31198794', 'SANTA CRUZ', 'FEMENINO', '1984-11-22', '2026-06-16 13:50:09'),
(191, '27117056', 'CATAMARCA', 'FEMENINO', '1979-02-20', '2026-06-16 13:54:36'),
(192, '16462088', 'SANTA FE', 'MASCULINO', '1963-08-21', '2026-06-16 13:55:20'),
(193, '20506156', 'SANTA CRUZ', 'FEMENINO', '1969-03-20', '2026-06-16 13:56:12'),
(194, '16118893', 'RÍO NEGRO', 'MASCULINO', '1963-01-17', '2026-06-16 13:58:41'),
(195, '16591794', 'JUJUY', 'FEMENINO', '1963-08-07', '2026-06-16 14:04:05'),
(196, '21105547', 'SANTA CRUZ', 'MASCULINO', '1969-10-12', '2026-06-16 14:07:45'),
(197, '14273015', 'LA RIOJA', 'MASCULINO', '1960-06-01', '2026-06-16 14:30:59'),
(198, '16429369', 'LA RIOJA', 'MASCULINO', '1963-04-03', '2026-06-16 14:32:51'),
(199, '17744303', 'LA RIOJA', 'MASCULINO', '1966-05-15', '2026-06-16 14:34:04'),
(200, '14273824', 'LA RIOJA', 'MASCULINO', '1961-01-25', '2026-06-16 14:35:27'),
(201, '26336493', 'LA RIOJA', 'MASCULINO', '1978-03-21', '2026-06-16 14:46:14'),
(202, '26771240', 'LA RIOJA', 'MASCULINO', '1978-09-08', '2026-06-16 14:48:15'),
(203, '28349492', 'LA RIOJA', 'FEMENINO', '1980-10-09', '2026-06-16 14:50:25'),
(204, '32903878', 'LA RIOJA', 'MASCULINO', '1987-04-06', '2026-06-16 14:52:17'),
(205, '17037584', 'LA RIOJA', 'FEMENINO', '1964-05-30', '2026-06-16 14:54:00'),
(206, '26555709', 'LA RIOJA', 'MASCULINO', '1978-07-01', '2026-06-16 14:56:08'),
(207, '21355804', 'LA RIOJA', 'MASCULINO', '1970-05-24', '2026-06-16 14:59:46'),
(208, '37411506', 'SANTIAGO DEL ESTERO', 'FEMENINO', '1993-02-26', '2026-06-16 15:09:22'),
(209, '17408351', 'LA RIOJA', 'MASCULINO', '1965-10-07', '2026-06-16 15:32:19'),
(210, '13716818', 'MENDOZA', 'FEMENINO', '1959-08-09', '2026-06-16 15:36:48'),
(211, '13708836', 'SANTA FE', 'FEMENINO', '1960-03-19', '2026-06-16 15:45:12'),
(212, '28194379', 'LA PAMPA', 'FEMENINO', '1980-09-13', '2026-06-16 15:48:22'),
(213, '16669382', 'SAN JUAN', 'FEMENINO', '1963-03-04', '2026-06-16 16:03:46'),
(214, '37421260', 'LA PAMPA', 'MASCULINO', '1993-06-22', '2026-06-16 16:10:27'),
(215, '34030745', 'FORMOSA', 'MASCULINO', '1989-09-06', '2026-06-16 16:26:43'),
(216, '22055970', 'FORMOSA', 'FEMENINO', '1971-10-03', '2026-06-16 16:42:18'),
(217, '32048261', 'FORMOSA', 'FEMENINO', '1986-01-01', '2026-06-16 16:50:28'),
(218, '36206850', 'FORMOSA', 'FEMENINO', '1992-03-02', '2026-06-16 16:55:08'),
(219, '18209006', 'SANTA CRUZ', 'MASCULINO', '1966-07-25', '2026-06-16 20:12:09'),
(220, '20139022', 'SANTA CRUZ', 'FEMENINO', '1968-08-30', '2026-06-16 20:23:09'),
(221, '26094503', 'SANTA CRUZ', 'MASCULINO', '1977-07-05', '2026-06-16 20:23:50'),
(222, '14775314', 'RÍO NEGRO', 'MASCULINO', '1961-12-26', '2026-06-16 21:18:19'),
(223, '21506410', 'SANTA CRUZ', 'FEMENINO', '1970-04-11', '2026-06-16 21:51:59'),
(224, '24780790', 'FORMOSA', 'MASCULINO', '1974-03-16', '2026-06-16 22:59:25'),
(225, '32365751', 'FORMOSA', 'MASCULINO', '1986-11-18', '2026-06-17 11:02:48'),
(226, '31647796', 'CORRIENTES', 'FEMENINO', '1985-05-20', '2026-06-17 11:46:32'),
(227, '25876289', 'LA PAMPA', 'FEMENINO', '1977-05-06', '2026-06-17 11:48:39'),
(228, '26847741', 'CHACO', 'MASCULINO', '1978-08-26', '2026-06-17 12:18:06'),
(229, '29184749', 'CORRIENTES', 'MASCULINO', '1981-12-28', '2026-06-17 12:43:00'),
(230, '17498270', 'SANTIAGO DEL ESTERO', 'MASCULINO', '1965-08-20', '2026-06-17 14:02:47'),
(231, '25444769', 'TUCUMÁN', 'MASCULINO', '1976-06-26', '2026-06-17 15:01:06'),
(232, '25373136', 'TUCUMÁN', 'FEMENINO', '1976-07-12', '2026-06-17 15:05:29'),
(233, '26603816', 'CHUBUT', 'FEMENINO', '1978-11-05', '2026-06-17 15:34:24'),
(234, '26067563', 'CHUBUT', 'FEMENINO', '1977-08-10', '2026-06-17 15:35:40'),
(235, '16692885', 'CHUBUT', 'MASCULINO', '1964-05-01', '2026-06-17 15:36:44'),
(236, '22877555', 'TUCUMÁN', 'MASCULINO', '1972-07-29', '2026-06-17 15:40:41'),
(237, '20371592', 'CHUBUT', 'MASCULINO', '1968-07-20', '2026-06-17 15:42:50'),
(238, '18839545', 'CHUBUT', 'FEMENINO', '1975-04-14', '2026-06-17 15:43:54'),
(239, '17435846', 'CHUBUT', 'FEMENINO', '1965-07-26', '2026-06-17 15:47:54'),
(240, '13618029', 'CHUBUT', 'FEMENINO', '1959-02-28', '2026-06-17 15:49:57'),
(241, '26996231', 'SANTA CRUZ', 'FEMENINO', '1978-12-13', '2026-06-17 15:57:57'),
(243, '20200067', 'CHUBUT', 'MASCULINO', '1968-02-28', '2026-06-17 16:09:35'),
(244, '21000227', 'CHUBUT', 'FEMENINO', '1969-09-06', '2026-06-17 16:11:02'),
(245, '26889021', 'CHUBUT', 'MASCULINO', '1978-09-11', '2026-06-17 16:12:17'),
(246, '27975249', 'CHUBUT', 'FEMENINO', '1980-06-27', '2026-06-17 16:13:48'),
(247, '28482219', 'CHUBUT', 'MASCULINO', '1980-11-20', '2026-06-17 16:15:25'),
(248, '27847765', 'LA PAMPA', 'FEMENINO', '1980-05-03', '2026-06-17 16:15:35'),
(249, '16859045', 'CHUBUT', 'MASCULINO', '1964-01-13', '2026-06-17 16:16:49'),
(250, '31504769', 'CHUBUT', 'FEMENINO', '1985-03-31', '2026-06-17 16:18:08'),
(253, '23065126', 'CHUBUT', 'MASCULINO', '1972-12-23', '2026-06-17 16:28:43'),
(254, '20848964', 'CHUBUT', 'MASCULINO', '1969-11-21', '2026-06-17 16:30:22'),
(255, '18640962', 'CHUBUT', 'FEMENINO', '1962-02-22', '2026-06-17 16:32:02'),
(256, '17020656', 'CHUBUT', 'FEMENINO', '1964-11-01', '2026-06-17 16:33:17'),
(257, '10147112', 'CHUBUT', 'FEMENINO', '1952-11-05', '2026-06-17 16:34:37'),
(258, '14616393', 'CHUBUT', 'MASCULINO', '1961-07-28', '2026-06-17 16:36:09'),
(260, '12616878', 'CHUBUT', 'MASCULINO', '1959-01-23', '2026-06-17 16:40:13'),
(261, '24255448', 'CHUBUT', 'FEMENINO', '1974-11-29', '2026-06-17 16:41:29'),
(263, '26029390', 'TUCUMÁN', 'FEMENINO', '1977-10-23', '2026-06-17 17:56:08'),
(264, '23868992', 'TUCUMÁN', 'MASCULINO', '1974-07-17', '2026-06-17 18:45:30'),
(265, '12174890', 'SANTA CRUZ', 'FEMENINO', '1956-11-17', '2026-06-17 19:20:41'),
(266, '21681267', 'CORRIENTES', 'FEMENINO', '1970-05-29', '2026-06-17 20:10:59'),
(267, '22019590', 'CORRIENTES', 'MASCULINO', '1971-07-22', '2026-06-17 20:11:28'),
(268, '23552864', 'TUCUMÁN', 'MASCULINO', '1974-10-18', '2026-06-17 22:21:47'),
(269, '26454023', 'TUCUMÁN', 'MASCULINO', '1978-02-24', '2026-06-17 22:22:30'),
(270, '17169180', 'TUCUMÁN', 'MASCULINO', '1965-01-06', '2026-06-17 22:44:17'),
(271, '22450636', 'TUCUMÁN', 'FEMENINO', '1971-11-22', '2026-06-17 23:59:33'),
(272, '20307714', 'SANTIAGO DEL ESTERO', 'MASCULINO', '1968-08-02', '2026-06-18 12:07:36'),
(273, '13628019', 'CHUBUT', 'FEMENINO', '1959-10-01', '2026-06-18 13:48:38'),
(274, '26868466', 'CHUBUT', 'FEMENINO', '1978-11-26', '2026-06-18 13:49:53'),
(275, '24449244', 'CHUBUT', 'FEMENINO', '1975-03-18', '2026-06-18 13:51:31'),
(276, '29212135', 'CHUBUT', 'FEMENINO', '1982-01-18', '2026-06-18 13:52:53'),
(277, '11601744', 'CHUBUT', 'MASCULINO', '1955-04-26', '2026-06-18 13:54:15'),
(278, '37182983', 'CORRIENTES', 'MASCULINO', '1992-11-14', '2026-06-18 13:58:38'),
(279, '30863924', 'ENTRE RÍOS', 'FEMENINO', '0004-05-23', '2026-06-18 14:11:22'),
(280, '18820383', 'ENTRE RÍOS', 'FEMENINO', '1966-03-31', '2026-06-18 14:14:09'),
(281, '28143177', 'ENTRE RÍOS', 'FEMENINO', '1980-06-17', '2026-06-18 14:17:17'),
(282, '16465593', 'ENTRE RÍOS', 'FEMENINO', '1963-03-12', '2026-06-18 14:18:04'),
(283, '28913192', 'ENTRE RÍOS', 'FEMENINO', '1971-05-21', '2026-06-18 14:18:49'),
(284, '27223873', 'CHACO', 'FEMENINO', '1977-09-18', '2026-06-18 14:19:51'),
(285, '25279062', 'CHACO', 'FEMENINO', '1976-04-28', '2026-06-18 14:20:32'),
(286, '36001529', 'ENTRE RÍOS', 'MASCULINO', '1992-02-22', '2026-06-18 14:35:19'),
(287, '12772723', 'ENTRE RÍOS', 'MASCULINO', '1957-03-09', '2026-06-18 14:35:53'),
(288, '10187047', 'ENTRE RÍOS', 'FEMENINO', '1951-11-28', '2026-06-18 14:36:41'),
(289, '5406547', 'ENTRE RÍOS', 'MASCULINO', '1949-01-26', '2026-06-18 14:37:24'),
(290, '31162380', 'ENTRE RÍOS', 'FEMENINO', '1985-01-26', '2026-06-18 14:38:03'),
(291, '36381088', 'ENTRE RÍOS', 'MASCULINO', '1991-05-13', '2026-06-18 14:38:54'),
(292, '13043723', 'ENTRE RÍOS', 'FEMENINO', '1957-05-04', '2026-06-18 14:39:30'),
(293, '29988398', 'ENTRE RÍOS', 'FEMENINO', '1983-03-04', '2026-06-18 14:40:15'),
(294, '27078576', 'ENTRE RÍOS', 'MASCULINO', '1978-12-26', '2026-06-18 14:40:56'),
(295, '13043264', 'ENTRE RÍOS', 'MASCULINO', '1958-10-18', '2026-06-18 14:41:47'),
(296, '26585552', 'ENTRE RÍOS', 'MASCULINO', '1978-10-01', '2026-06-18 14:42:51'),
(297, '25026457', 'ENTRE RÍOS', 'MASCULINO', '1977-02-13', '2026-06-18 14:44:18'),
(298, '25454079', 'CORRIENTES', 'MASCULINO', '1977-03-09', '2026-06-18 14:51:05'),
(299, '14666850', 'CATAMARCA', 'MASCULINO', '1961-12-20', '2026-06-18 15:18:53'),
(300, '29972029', 'CATAMARCA', 'MASCULINO', '1983-01-09', '2026-06-18 15:19:50'),
(301, '31613629', 'NEUQUÉN', 'FEMENINO', '1985-02-15', '2026-06-18 15:44:53'),
(302, '26751633', 'NEUQUÉN', 'FEMENINO', '1978-06-11', '2026-06-18 15:45:36'),
(303, '17884739', 'NEUQUÉN', 'MASCULINO', '1966-07-01', '2026-06-18 15:46:25'),
(304, '28945623', 'NEUQUÉN', 'MASCULINO', '1981-07-03', '2026-06-18 15:47:14'),
(305, '28020964', 'NEUQUÉN', 'MASCULINO', '1980-11-05', '2026-06-18 15:47:52'),
(306, '32986920', 'NEUQUÉN', 'FEMENINO', '1987-08-29', '2026-06-18 15:48:46'),
(307, '10718499', 'NEUQUÉN', 'MASCULINO', '1953-07-14', '2026-06-18 15:49:32'),
(308, '11497111', 'SANTA CRUZ', 'MASCULINO', '1954-07-18', '2026-06-18 22:08:32'),
(309, '12626701', 'SANTA CRUZ', 'MASCULINO', '1958-07-27', '2026-06-19 13:59:45'),
(310, '20939655', 'CORRIENTES', 'MASCULINO', '1969-06-05', '2026-06-19 15:19:18');

-- --------------------------------------------------------

--
-- Estructura de tabla para la tabla `inscripciones_deportivas`
--

CREATE TABLE `inscripciones_deportivas` (
  `id_inscripcion` int(11) NOT NULL,
  `id_participante` int(11) NOT NULL,
  `id_categoria` int(11) NOT NULL,
  `asistio` tinyint(4) NOT NULL DEFAULT 0,
  `fecha_hora` timestamp NULL DEFAULT current_timestamp(),
  `tiene_ute` tinyint(1) DEFAULT 0,
  `necesita_ute` tinyint(1) DEFAULT 0,
  `id_ute` int(11) DEFAULT NULL,
  `detalle_ute` varchar(50) NOT NULL
) ENGINE=InnoDB DEFAULT CHARSET=latin1 COLLATE=latin1_swedish_ci;

--
-- Volcado de datos para la tabla `inscripciones_deportivas`
--

INSERT INTO `inscripciones_deportivas` (`id_inscripcion`, `id_participante`, `id_categoria`, `asistio`, `fecha_hora`, `tiene_ute`, `necesita_ute`, `id_ute`, `detalle_ute`) VALUES
(45, 3, 13, 1, '2026-06-25 00:59:32', 1, 0, NULL, 'SASADSSAD');

-- --------------------------------------------------------

--
-- Estructura de tabla para la tabla `lugares`
--

CREATE TABLE `lugares` (
  `id` int(11) NOT NULL,
  `nombre` varchar(150) NOT NULL,
  `direccion` varchar(255) DEFAULT NULL
) ENGINE=InnoDB DEFAULT CHARSET=latin1 COLLATE=latin1_swedish_ci;

--
-- Volcado de datos para la tabla `lugares`
--

INSERT INTO `lugares` (`id`, `nombre`, `direccion`) VALUES
(1, 'Complejo Horacio del Campo', 'Av. 13 de Caballería Sur y Bvd. Brown');

-- --------------------------------------------------------

--
-- Estructura de tabla para la tabla `participantes`
--

CREATE TABLE `participantes` (
  `id_participante` int(11) NOT NULL,
  `dni` varchar(20) NOT NULL,
  `nombre_completo` varchar(150) NOT NULL,
  `email` varchar(100) NOT NULL,
  `telefono` varchar(50) DEFAULT NULL,
  `delegacion` varchar(100) DEFAULT NULL,
  `sexo` enum('Masculino','Femenino','Otro') DEFAULT NULL,
  `fecha_nacimiento` date DEFAULT NULL,
  `grupo_sanguineo` varchar(10) DEFAULT NULL,
  `obra_social` varchar(100) DEFAULT NULL,
  `tipo_empleado` enum('Planta Permanente','Jubilado','Contratado','Pasante','Otros') DEFAULT NULL,
  `dieta_especial` varchar(255) DEFAULT NULL,
  `hotel_alojamiento` varchar(150) DEFAULT NULL,
  `contacto_emergencia` varchar(255) DEFAULT NULL,
  `es_competidor` tinyint(1) NOT NULL DEFAULT 1,
  `es_delegado` tinyint(1) NOT NULL DEFAULT 0,
  `token_qr` varchar(100) DEFAULT NULL,
  `kit_entregado` tinyint(1) DEFAULT 0,
  `fecha_inscripcion` timestamp NULL DEFAULT current_timestamp()
) ENGINE=InnoDB DEFAULT CHARSET=latin1 COLLATE=latin1_swedish_ci;

--
-- Volcado de datos para la tabla `participantes`
--

INSERT INTO `participantes` (`id_participante`, `dni`, `nombre_completo`, `email`, `telefono`, `delegacion`, `sexo`, `fecha_nacimiento`, `grupo_sanguineo`, `obra_social`, `tipo_empleado`, `dieta_especial`, `hotel_alojamiento`, `contacto_emergencia`, `es_competidor`, `es_delegado`, `token_qr`, `kit_entregado`, `fecha_inscripcion`) VALUES
(3, '34330461', 'SDFDFS', 'anitaoddone@gmail.com', '2222222222', 'La Pampa', 'Femenino', '1989-06-23', 'A-', 'ADADASD', 'Planta Permanente', 'Sin restrictions', 'KJDNASMD', 'DASASD', 1, 0, 'e346b29e327040c71c0551a8b838f26e1d2cefd3', 1, '2026-06-25 00:56:52');

-- --------------------------------------------------------

--
-- Estructura de tabla para la tabla `participantes_utes`
--

CREATE TABLE `participantes_utes` (
  `id_ute` int(11) NOT NULL,
  `id_participante` int(11) NOT NULL,
  `fecha_asociacion` timestamp NULL DEFAULT current_timestamp()
) ENGINE=InnoDB DEFAULT CHARSET=latin1 COLLATE=latin1_swedish_ci;

-- --------------------------------------------------------

--
-- Estructura de tabla para la tabla `usuarios`
--

CREATE TABLE `usuarios` (
  `id_usuario` int(11) NOT NULL,
  `username` varchar(50) NOT NULL,
  `password` varchar(255) NOT NULL,
  `rol` enum('superadmin','admin','staff','mesa_control','seguridad_cenas') NOT NULL,
  `nombre_usuario` varchar(100) DEFAULT NULL
) ENGINE=InnoDB DEFAULT CHARSET=latin1 COLLATE=latin1_swedish_ci;

--
-- Volcado de datos para la tabla `usuarios`
--

INSERT INTO `usuarios` (`id_usuario`, `username`, `password`, `rol`, `nombre_usuario`) VALUES
(1, 'admin', '.Olimpikus', 'admin', 'Organizador General'),
(2, 'aoddone', 'UnaMariposa11.', 'superadmin', 'super usuario administrador'),
(3, 'wvargas', 'Presi2026.', 'superadmin', 'Presidente de la comisión');

-- --------------------------------------------------------

--
-- Estructura de tabla para la tabla `utes`
--

CREATE TABLE `utes` (
  `id_ute` int(11) NOT NULL,
  `id_categoria` int(11) NOT NULL,
  `nombre_ute` varchar(150) NOT NULL,
  `fecha_creacion` timestamp NULL DEFAULT current_timestamp()
) ENGINE=InnoDB DEFAULT CHARSET=latin1 COLLATE=latin1_swedish_ci;

--
-- Índices para tablas volcadas
--

--
-- Indices de la tabla `categorias`
--
ALTER TABLE `categorias`
  ADD PRIMARY KEY (`id_categoria`),
  ADD KEY `fk_deporte_cat` (`id_deporte`),
  ADD KEY `fk_lugar_cat` (`id_lugar`);

--
-- Indices de la tabla `deportes`
--
ALTER TABLE `deportes`
  ADD PRIMARY KEY (`id_deporte`);

--
-- Indices de la tabla `encuestas_deportes`
--
ALTER TABLE `encuestas_deportes`
  ADD PRIMARY KEY (`id_respuesta`,`id_deporte`),
  ADD KEY `id_respuesta` (`id_respuesta`),
  ADD KEY `id_deporte` (`id_deporte`);

--
-- Indices de la tabla `encuestas_respuestas`
--
ALTER TABLE `encuestas_respuestas`
  ADD PRIMARY KEY (`id_respuesta`),
  ADD UNIQUE KEY `dni_UNIQUE` (`dni`);

--
-- Indices de la tabla `inscripciones_deportivas`
--
ALTER TABLE `inscripciones_deportivas`
  ADD PRIMARY KEY (`id_inscripcion`),
  ADD KEY `fk_categoria` (`id_categoria`),
  ADD KEY `fk_participante` (`id_participante`),
  ADD KEY `fk_ute` (`id_ute`);

--
-- Indices de la tabla `lugares`
--
ALTER TABLE `lugares`
  ADD PRIMARY KEY (`id`);

--
-- Indices de la tabla `participantes`
--
ALTER TABLE `participantes`
  ADD PRIMARY KEY (`id_participante`),
  ADD UNIQUE KEY `dni` (`dni`),
  ADD UNIQUE KEY `token_qr` (`token_qr`);

--
-- Indices de la tabla `participantes_utes`
--
ALTER TABLE `participantes_utes`
  ADD PRIMARY KEY (`id_ute`,`id_participante`),
  ADD KEY `fk_pu_participante` (`id_participante`);

--
-- Indices de la tabla `usuarios`
--
ALTER TABLE `usuarios`
  ADD PRIMARY KEY (`id_usuario`),
  ADD UNIQUE KEY `username` (`username`);

--
-- Indices de la tabla `utes`
--
ALTER TABLE `utes`
  ADD PRIMARY KEY (`id_ute`),
  ADD KEY `fk_ute_categoria` (`id_categoria`);

--
-- AUTO_INCREMENT de las tablas volcadas
--

--
-- AUTO_INCREMENT de la tabla `categorias`
--
ALTER TABLE `categorias`
  MODIFY `id_categoria` int(11) NOT NULL AUTO_INCREMENT, AUTO_INCREMENT=14;

--
-- AUTO_INCREMENT de la tabla `deportes`
--
ALTER TABLE `deportes`
  MODIFY `id_deporte` int(11) NOT NULL AUTO_INCREMENT, AUTO_INCREMENT=21;

--
-- AUTO_INCREMENT de la tabla `encuestas_respuestas`
--
ALTER TABLE `encuestas_respuestas`
  MODIFY `id_respuesta` int(11) NOT NULL AUTO_INCREMENT, AUTO_INCREMENT=311;

--
-- AUTO_INCREMENT de la tabla `inscripciones_deportivas`
--
ALTER TABLE `inscripciones_deportivas`
  MODIFY `id_inscripcion` int(11) NOT NULL AUTO_INCREMENT, AUTO_INCREMENT=46;

--
-- AUTO_INCREMENT de la tabla `lugares`
--
ALTER TABLE `lugares`
  MODIFY `id` int(11) NOT NULL AUTO_INCREMENT, AUTO_INCREMENT=4;

--
-- AUTO_INCREMENT de la tabla `participantes`
--
ALTER TABLE `participantes`
  MODIFY `id_participante` int(11) NOT NULL AUTO_INCREMENT, AUTO_INCREMENT=4;

--
-- AUTO_INCREMENT de la tabla `usuarios`
--
ALTER TABLE `usuarios`
  MODIFY `id_usuario` int(11) NOT NULL AUTO_INCREMENT, AUTO_INCREMENT=4;

--
-- AUTO_INCREMENT de la tabla `utes`
--
ALTER TABLE `utes`
  MODIFY `id_ute` int(11) NOT NULL AUTO_INCREMENT;

--
-- Restricciones para tablas volcadas
--

--
-- Filtros para la tabla `categorias`
--
ALTER TABLE `categorias`
  ADD CONSTRAINT `fk_deporte_cat` FOREIGN KEY (`id_deporte`) REFERENCES `deportes` (`id_deporte`) ON UPDATE CASCADE,
  ADD CONSTRAINT `fk_lugar_cat` FOREIGN KEY (`id_lugar`) REFERENCES `lugares` (`id`) ON DELETE SET NULL ON UPDATE CASCADE;

--
-- Filtros para la tabla `encuestas_deportes`
--
ALTER TABLE `encuestas_deportes`
  ADD CONSTRAINT `encuestas_deportes_ibfk_1` FOREIGN KEY (`id_respuesta`) REFERENCES `encuestas_respuestas` (`id_respuesta`) ON DELETE CASCADE ON UPDATE CASCADE,
  ADD CONSTRAINT `encuestas_deportes_ibfk_2` FOREIGN KEY (`id_deporte`) REFERENCES `deportes` (`id_deporte`) ON DELETE CASCADE ON UPDATE CASCADE;

--
-- Filtros para la tabla `inscripciones_deportivas`
--
ALTER TABLE `inscripciones_deportivas`
  ADD CONSTRAINT `fk_categoria` FOREIGN KEY (`id_categoria`) REFERENCES `categorias` (`id_categoria`) ON UPDATE CASCADE,
  ADD CONSTRAINT `fk_participante` FOREIGN KEY (`id_participante`) REFERENCES `participantes` (`id_participante`) ON UPDATE CASCADE,
  ADD CONSTRAINT `fk_ute` FOREIGN KEY (`id_ute`) REFERENCES `utes` (`id_ute`) ON DELETE SET NULL ON UPDATE CASCADE;

--
-- Filtros para la tabla `participantes_utes`
--
ALTER TABLE `participantes_utes`
  ADD CONSTRAINT `fk_pu_participante` FOREIGN KEY (`id_participante`) REFERENCES `participantes` (`id_participante`) ON UPDATE CASCADE,
  ADD CONSTRAINT `fk_pu_ute` FOREIGN KEY (`id_ute`) REFERENCES `utes` (`id_ute`) ON DELETE CASCADE ON UPDATE CASCADE;

--
-- Filtros para la tabla `utes`
--
ALTER TABLE `utes`
  ADD CONSTRAINT `fk_ute_categoria` FOREIGN KEY (`id_categoria`) REFERENCES `categorias` (`id_categoria`) ON UPDATE CASCADE;
COMMIT;

/*!40101 SET CHARACTER_SET_CLIENT=@OLD_CHARACTER_SET_CLIENT */;
/*!40101 SET CHARACTER_SET_RESULTS=@OLD_CHARACTER_SET_RESULTS */;
/*!40101 SET COLLATION_CONNECTION=@OLD_COLLATION_CONNECTION */;
